Reference, Value, Footprint, Datasheet, ManufacturerName, ManufacturerPartNumber
U1,gpio-header_zero,components:raspberry-zero,
P3,USB_A,Connect:USB_A,
DPad1,SKRHAAE010,switches:SKRHAAE010,,ALPS,SKRHAAE010
SW_A1,SW_PUSH,switches:Omron_D2LS_21_woKeyHoles,,Omron Electronics,D2LS-21
SW_B1,SW_PUSH,switches:Omron_D2LS_21_woKeyHoles,,Omron Electronics,D2LS-21
SW_X1,SW_PUSH,switches:Omron_D2LS_21_woKeyHoles,,Omron Electronics,D2LS-21
SW_Y1,SW_PUSH,switches:Omron_D2LS_21_woKeyHoles,,Omron Electronics,D2LS-21
SW_Shoulder_L1,SW_PUSH,switches:Omron_D2FS_FTN_mirror,,Omron Electronics,D2FS-F-N-T
SW_Shoulder_R1,SW_PUSH,switches:Omron_D2FS_FTN,,Omron Electronics,D2FS-F-N-T
SW_Start1,SW_PUSH,switches:smd_push_button,,TE Connectivity / Alcoswitch,2-1437565-8
SW_Select1,SW_PUSH,switches:smd_push_button,,TE Connectivity / Alcoswitch,2-1437565-8
P1,PowerBoost 500c,components:Powerboost500c,
R3,100k,Resistors_SMD:R_0805_HandSoldering,,Panasonic,ERJ-6ENF1003V
U2,2.2_tft_ili9340,components:TM022HDH26,
R7,100,Resistors_SMD:R_0805_HandSoldering,,Panasonic,ERJ-6ENF1000V
R8,100,Resistors_SMD:R_0805_HandSoldering,,Panasonic,ERJ-6ENF1000V
R9,100,Resistors_SMD:R_0805_HandSoldering,,Panasonic,ERJ-6ENF1000V
R10,100,Resistors_SMD:R_0805_HandSoldering,,Panasonic,ERJ-6ENF1000V
R6,10k,Resistors_SMD:R_0805_HandSoldering,,Panasonic,ERJ-6ENF1002V
R5,1k,Resistors_SMD:R_0805_HandSoldering,,Panasonic,ERJ-6ENF1001V
Q4,MMBT2222,TO_SOT_Packages_SMD:SOT-23_Handsoldering,,ON Semiconductor,MMBT2222ALT1G
R4,1k,Resistors_SMD:R_0805_HandSoldering,,Panasonic,ERJ-6ENF1001V
P4,Serial,components:1x3_smd_pinheader,
P2,I2C,Pin_Headers:Pin_Header_Angled_1x05,
U4,NC7WZ16_Dual_Buffer,TO_SOT_Packages_SMD:SC-70-6_Handsoldering,,Fairchild Semiconductor,NC7WZ16P6X
R49,100,Resistors_SMD:R_0805_HandSoldering,,Panasonic,ERJ-6ENF1000V
R61,100,Resistors_SMD:R_0805_HandSoldering,,Panasonic,ERJ-6ENF1000V
R62,470,Resistors_SMD:R_0805_HandSoldering,,Panasonic,ERJ-6ENF4700V
R60,470,Resistors_SMD:R_0805_HandSoldering,,Panasonic,ERJ-6ENF4700V
C61,100n,Capacitors_SMD:C_0805_HandSoldering,,Vishay / Vitramon,VJ0805V104ZXQCW1BC
U3,Regulator_LP2980,TO_SOT_Packages_SMD:SOT-23-5,,Texas Instruments,LP2980AIM5-2.5/NOPB
C2,10n,Capacitors_SMD:C_0805_HandSoldering,,Vishay / Vitramon,VJ0805Y103JXQCW1BC
C1,10u,Capacitors_SMD:C_0805_HandSoldering,,Vishay / Vitramon,VJ0805G106KXQTW1BC
R16,100,Resistors_SMD:R_0805_HandSoldering,,Panasonic,ERJ-6ENF1000V
R17,100,Resistors_SMD:R_0805_HandSoldering,,Panasonic,ERJ-6ENF1000V
C59,100n,Capacitors_SMD:C_0805_HandSoldering,,Vishay / Vitramon,VJ0805V104ZXQCW1BC
C58,47u,Capacitors_SMD:C_0805_HandSoldering,,Vishay / Vitramon,VJ0805V475MXQTW1BC
R18,100,Resistors_SMD:R_0805_HandSoldering,,Panasonic,ERJ-6ENF1000V
R19,100,Resistors_SMD:R_0805_HandSoldering,,Panasonic,ERJ-6ENF1000V
C62,100n,Capacitors_SMD:C_0805_HandSoldering,,Vishay / Vitramon,VJ0805V104ZXQCW1BC
C60,47u,Capacitors_SMD:C_0805_HandSoldering,,Vishay / Vitramon,VJ0805V475MXQTW1BC
U5,audio_jack,components:audio_smd_SJ-3523-SMT-TR,,CUI,SJ-3523-SMT-TR
R1,10k,Resistors_SMD:R_0805_HandSoldering,,Panasonic,ERJ-6ENF1002V
R2,100k,Resistors_SMD:R_0805_HandSoldering,,Panasonic,ERJ-6ENF1003V
SW1,SW_PUSH,switches:btn_1571262-1,,TE Connectivity / Alcoswitch,1571262-1
R13,100k,Resistors_SMD:R_0805_HandSoldering,,Panasonic,ERJ-6ENF1003V
R11,1.1k,Resistors_SMD:R_0805_HandSoldering,,Panasonic,ERJ-6ENF1101V
R12,300k,Resistors_SMD:R_0805_HandSoldering,,Panasonic,ERJ-6ENF3003V
C5,10µF,Capacitors_SMD:C_0805_HandSoldering,,Vishay / Vitramon,VJ0805G106KXQTW1BC
C3,1µF,Capacitors_SMD:C_0805_HandSoldering,,Vishay / Vitramon,VJ0805Y105KXQTW1BC
C4,0.1µF,Capacitors_SMD:C_0805_HandSoldering,,Wurth Electronics,885012207098
Q1,IRF7309IPBF,SMD_Packages:SOIC-8-N,,International Rectifier,IRF7309PBF
D1,D,Diodes_SMD:SOD-123,,Micro Commercial Components,1N4148W-TP
